article_folder,slug,image_file,format,alt_text,alt_chars,caption,width,height
01-4d-result-today,4d-result-today,4d-result-today-hero.webp,webp,"4D result today board for Magnum, Sports Toto and Da Ma Cai on 4DMalaya",71,Live 4D results hub for all major Malaysian operators.,1200,630
01-4d-result-today,4d-result-today,4d-result-today-hero.png,png,"4D result today board for Magnum, Sports Toto and Da Ma Cai on 4DMalaya",71,Live 4D results hub for all major Malaysian operators.,1200,630
01-4d-result-today,4d-result-today,4d-result-today-board-explained.webp,webp,"Annotated 4D result board showing 1st, 2nd, 3rd, special and consolation prize sections",87,How to read every section of a 4D result board.,1200,700
01-4d-result-today,4d-result-today,4d-result-today-board-explained.png,png,"Annotated 4D result board showing 1st, 2nd, 3rd, special and consolation prize sections",87,How to read every section of a 4D result board.,1200,700
01-4d-result-today,4d-result-today,4d-result-today-3-steps.webp,webp,Three simple steps to check 4D results today online,51,From operator to ticket check in under a minute.,1200,675
01-4d-result-today,4d-result-today,4d-result-today-3-steps.png,png,Three simple steps to check 4D results today online,51,From operator to ticket check in under a minute.,1200,675
01-4d-result-today,4d-result-today,4d-result-today-draw-schedule.webp,webp,"4D draw schedule showing Wednesday, Saturday and Sunday 7pm draws by operator",77,When each operator publishes its results.,1200,675
01-4d-result-today,4d-result-today,4d-result-today-draw-schedule.png,png,"4D draw schedule showing Wednesday, Saturday and Sunday 7pm draws by operator",77,When each operator publishes its results.,1200,675
01-4d-result-today,4d-result-today,4d-result-today-verify-checklist.webp,webp,Checklist to verify 4D results and claim prizes safely,54,Five checks before you celebrate.,1200,704
01-4d-result-today,4d-result-today,4d-result-today-verify-checklist.png,png,Checklist to verify 4D results and claim prizes safely,54,Five checks before you celebrate.,1200,704
02-4d-results-history,4d-results-history,4d-results-history-hero.webp,webp,"4D results history archive of past Magnum, Sports Toto and Da Ma Cai winning numbers",84,Years of past winning numbers in one archive.,1200,630
02-4d-results-history,4d-results-history,4d-results-history-hero.png,png,"4D results history archive of past Magnum, Sports Toto and Da Ma Cai winning numbers",84,Years of past winning numbers in one archive.,1200,630
02-4d-results-history,4d-results-history,4d-results-history-lookup-steps.webp,webp,Steps to find past 4D results by date in the history archive,60,Find any old result in three moves.,1200,675
02-4d-results-history,4d-results-history,4d-results-history-lookup-steps.png,png,Steps to find past 4D results by date in the history archive,60,Find any old result in three moves.,1200,675
02-4d-results-history,4d-results-history,4d-results-history-sample.webp,webp,Sample table of historical 4D results with draw date and winning numbers,72,What a history row looks like.,1200,675
02-4d-results-history,4d-results-history,4d-results-history-sample.png,png,Sample table of historical 4D results with draw date and winning numbers,72,What a history row looks like.,1200,675
02-4d-results-history,4d-results-history,4d-results-history-draws-per-year.webp,webp,Chart comparing how many 4D draws take place each year by operator type,71,How much history each operator type generates.,1200,675
02-4d-results-history,4d-results-history,4d-results-history-draws-per-year.png,png,Chart comparing how many 4D draws take place each year by operator type,71,How much history each operator type generates.,1200,675
02-4d-results-history,4d-results-history,4d-results-history-responsible-use.webp,webp,Guidelines for using historical 4D data responsibly without prediction myths,76,What history can and cannot tell you.,1200,675
02-4d-results-history,4d-results-history,4d-results-history-responsible-use.png,png,Guidelines for using historical 4D data responsibly without prediction myths,76,What history can and cannot tell you.,1200,675
03-4d-prize-structure,4d-prize-structure,4d-prize-structure-hero.webp,webp,4D prize structure in Malaysia showing Big and Small bet payouts,64,Every ringgit figure for Big and Small bets.,1200,630
03-4d-prize-structure,4d-prize-structure,4d-prize-structure-hero.png,png,4D prize structure in Malaysia showing Big and Small bet payouts,64,Every ringgit figure for Big and Small bets.,1200,630
03-4d-prize-structure,4d-prize-structure,4d-prize-structure-big-vs-small.webp,webp,4D prize structure table listing Big and Small payouts for each prize tier per RM1,82,"The official payout tiers, side by side.",1200,675
03-4d-prize-structure,4d-prize-structure,4d-prize-structure-big-vs-small.png,png,4D prize structure table listing Big and Small payouts for each prize tier per RM1,82,"The official payout tiers, side by side.",1200,675
03-4d-prize-structure,4d-prize-structure,4d-prize-structure-rm10-example.webp,webp,Worked example table showing 4D winnings for a RM10 Big or Small bet,68,What a RM10 stake actually pays.,1200,675
03-4d-prize-structure,4d-prize-structure,4d-prize-structure-rm10-example.png,png,Worked example table showing 4D winnings for a RM10 Big or Small bet,68,What a RM10 stake actually pays.,1200,675
03-4d-prize-structure,4d-prize-structure,4d-prize-structure-calculation-steps.webp,webp,Step by step guide to calculating 4D prize winnings from stake and bet type,75,Calculate your payout in four steps.,1200,690
03-4d-prize-structure,4d-prize-structure,4d-prize-structure-calculation-steps.png,png,Step by step guide to calculating 4D prize winnings from stake and bet type,75,Calculate your payout in four steps.,1200,690
03-4d-prize-structure,4d-prize-structure,4d-prize-structure-facts.webp,webp,Key facts about the 4D prize structure and how winnings are paid,64,The facts that decide your payout.,1200,730
03-4d-prize-structure,4d-prize-structure,4d-prize-structure-facts.png,png,Key facts about the 4D prize structure and how winnings are paid,64,The facts that decide your payout.,1200,730
04-how-to-check-4d-result-online,how-to-check-4d-result-online,how-to-check-4d-result-online-hero.webp,webp,How to check 4D results online safely on phone and laptop,57,"Five methods, ranked by reliability.",1200,630
04-how-to-check-4d-result-online,how-to-check-4d-result-online,how-to-check-4d-result-online-hero.png,png,How to check 4D results online safely on phone and laptop,57,"Five methods, ranked by reliability.",1200,630
04-how-to-check-4d-result-online,how-to-check-4d-result-online,how-to-check-4d-result-online-methods.webp,webp,Five safe methods to check 4D results online including official sites and apps,78,"The five methods, most reliable first.",1200,786
04-how-to-check-4d-result-online,how-to-check-4d-result-online,how-to-check-4d-result-online-methods.png,png,Five safe methods to check 4D results online including official sites and apps,78,"The five methods, most reliable first.",1200,786
04-how-to-check-4d-result-online,how-to-check-4d-result-online,how-to-check-4d-result-online-official-channels.webp,webp,"Table of official websites and apps for checking Magnum, Sports Toto and Da Ma Cai results",90,Where the source-of-truth results live.,1200,675
04-how-to-check-4d-result-online,how-to-check-4d-result-online,how-to-check-4d-result-online-official-channels.png,png,"Table of official websites and apps for checking Magnum, Sports Toto and Da Ma Cai results",90,Where the source-of-truth results live.,1200,675
04-how-to-check-4d-result-online,how-to-check-4d-result-online,how-to-check-4d-result-online-red-flags.webp,webp,Red flags of unsafe 4D result websites to avoid,47,Walk away when you see these.,1200,730
04-how-to-check-4d-result-online,how-to-check-4d-result-online,how-to-check-4d-result-online-red-flags.png,png,Red flags of unsafe 4D result websites to avoid,47,Walk away when you see these.,1200,730
04-how-to-check-4d-result-online,how-to-check-4d-result-online,how-to-check-4d-result-online-flow.webp,webp,Flow diagram from 4D draw time to checking the result on a ticket,65,From draw close to verified result.,1200,675
04-how-to-check-4d-result-online,how-to-check-4d-result-online,how-to-check-4d-result-online-flow.png,png,Flow diagram from 4D draw time to checking the result on a ticket,65,From draw close to verified result.,1200,675
05-4d-draw-schedule,4d-draw-schedule,4d-draw-schedule-hero.webp,webp,4D draw schedule for Malaysia showing draw days and 7pm result times,68,"Every draw day, every operator, one page.",1200,630
05-4d-draw-schedule,4d-draw-schedule,4d-draw-schedule-hero.png,png,4D draw schedule for Malaysia showing draw days and 7pm result times,68,"Every draw day, every operator, one page.",1200,630
05-4d-draw-schedule,4d-draw-schedule,4d-draw-schedule-weekly-grid.webp,webp,Weekly grid showing which days each 4D operator holds draws from Monday to Sunday,81,Which operator draws on which day.,1200,675
05-4d-draw-schedule,4d-draw-schedule,4d-draw-schedule-weekly-grid.png,png,Weekly grid showing which days each 4D operator holds draws from Monday to Sunday,81,Which operator draws on which day.,1200,675
05-4d-draw-schedule,4d-draw-schedule,4d-draw-schedule-draw-evening-timeline.webp,webp,Timeline of a 4D draw evening from sales close to published results,67,What happens on a draw evening.,1200,682
05-4d-draw-schedule,4d-draw-schedule,4d-draw-schedule-draw-evening-timeline.png,png,Timeline of a 4D draw evening from sales close to published results,67,What happens on a draw evening.,1200,682
05-4d-draw-schedule,4d-draw-schedule,4d-draw-schedule-draws-per-week.webp,webp,Bar chart comparing number of 4D draws per week across Malaysian operators,74,How many draws each week offers.,1200,684
05-4d-draw-schedule,4d-draw-schedule,4d-draw-schedule-draws-per-week.png,png,Bar chart comparing number of 4D draws per week across Malaysian operators,74,How many draws each week offers.,1200,684
05-4d-draw-schedule,4d-draw-schedule,4d-draw-schedule-special-draws.webp,webp,Explanation of special 4D draw days added during festive seasons in Malaysia,76,Extra draws and how to catch them.,1200,742
05-4d-draw-schedule,4d-draw-schedule,4d-draw-schedule-special-draws.png,png,Explanation of special 4D draw days added during festive seasons in Malaysia,76,Extra draws and how to catch them.,1200,742
06-types-of-4d-bets,types-of-4d-bets,types-of-4d-bets-hero.webp,webp,"Types of 4D bets explained including fixed, permutation and iBet entries",72,"Every bet type on the slip, decoded.",1200,630
06-types-of-4d-bets,types-of-4d-bets,types-of-4d-bets-hero.png,png,"Types of 4D bets explained including fixed, permutation and iBet entries",72,"Every bet type on the slip, decoded.",1200,630
06-types-of-4d-bets,types-of-4d-bets,types-of-4d-bets-comparison.webp,webp,"Comparison table of 4D bet types showing combinations, cost and best use",72,What each bet type costs and covers.,1200,764
06-types-of-4d-bets,types-of-4d-bets,types-of-4d-bets-comparison.png,png,"Comparison table of 4D bet types showing combinations, cost and best use",72,What each bet type costs and covers.,1200,764
06-types-of-4d-bets,types-of-4d-bets,types-of-4d-bets-permutation-payouts.webp,webp,"Permutation 4D payout table showing Big and Small prizes for 24, 12, 6 and 4 combination bets",93,Official permutation payout grid.,1200,736
06-types-of-4d-bets,types-of-4d-bets,types-of-4d-bets-permutation-payouts.png,png,"Permutation 4D payout table showing Big and Small prizes for 24, 12, 6 and 4 combination bets",93,Official permutation payout grid.,1200,736
06-types-of-4d-bets,types-of-4d-bets,types-of-4d-bets-permutation-example.webp,webp,Example showing how a 4D permutation bet covers every order of a number,71,"How a permutation bet works, step by step.",1200,678
06-types-of-4d-bets,types-of-4d-bets,types-of-4d-bets-permutation-example.png,png,Example showing how a 4D permutation bet covers every order of a number,71,"How a permutation bet works, step by step.",1200,678
06-types-of-4d-bets,types-of-4d-bets,types-of-4d-bets-which-to-pick.webp,webp,Guide to choosing the right 4D bet type for budget and play style,65,Match the bet to your budget.,1200,730
06-types-of-4d-bets,types-of-4d-bets,types-of-4d-bets-which-to-pick.png,png,Guide to choosing the right 4D bet type for budget and play style,65,Match the bet to your budget.,1200,730
07-4d-winnings-tax-malaysia,4d-winnings-tax-malaysia,4d-winnings-tax-malaysia-hero.webp,webp,Whether 4D lottery winnings in Malaysia are subject to income tax,65,The tax question every winner asks.,1200,630
07-4d-winnings-tax-malaysia,4d-winnings-tax-malaysia,4d-winnings-tax-malaysia-hero.png,png,Whether 4D lottery winnings in Malaysia are subject to income tax,65,The tax question every winner asks.,1200,630
07-4d-winnings-tax-malaysia,4d-winnings-tax-malaysia,4d-winnings-tax-malaysia-how-looks.webp,webp,Steps explaining how LHDN treats 4D lottery winnings and when tax may apply,75,How winnings are generally treated.,1200,694
07-4d-winnings-tax-malaysia,4d-winnings-tax-malaysia,4d-winnings-tax-malaysia-how-looks.png,png,Steps explaining how LHDN treats 4D lottery winnings and when tax may apply,75,How winnings are generally treated.,1200,694
07-4d-winnings-tax-malaysia,4d-winnings-tax-malaysia,4d-winnings-tax-malaysia-scenarios.webp,webp,Table of 4D winnings tax scenarios in Malaysia with treatment and recommended actions,85,Scenario-by-scenario treatment.,1200,721
07-4d-winnings-tax-malaysia,4d-winnings-tax-malaysia,4d-winnings-tax-malaysia-scenarios.png,png,Table of 4D winnings tax scenarios in Malaysia with treatment and recommended actions,85,Scenario-by-scenario treatment.,1200,721
07-4d-winnings-tax-malaysia,4d-winnings-tax-malaysia,4d-winnings-tax-malaysia-records.webp,webp,Record keeping checklist for 4D winnings claims and tax documentation in Malaysia,81,"Paper trail: keep it, always.",1200,730
07-4d-winnings-tax-malaysia,4d-winnings-tax-malaysia,4d-winnings-tax-malaysia-records.png,png,Record keeping checklist for 4D winnings claims and tax documentation in Malaysia,81,"Paper trail: keep it, always.",1200,730
07-4d-winnings-tax-malaysia,4d-winnings-tax-malaysia,4d-winnings-tax-malaysia-claim-essentials.webp,webp,Table showing what to bring when claiming a 4D prize in Malaysia,64,What you need at claim time.,1200,785
07-4d-winnings-tax-malaysia,4d-winnings-tax-malaysia,4d-winnings-tax-malaysia-claim-essentials.png,png,Table showing what to bring when claiming a 4D prize in Malaysia,64,What you need at claim time.,1200,785
08-4d-odds-probability,4d-odds-probability,4d-odds-probability-hero.webp,webp,4D odds and probability of winning the lottery explained with maths,67,The maths behind the four digits.,1200,630
08-4d-odds-probability,4d-odds-probability,4d-odds-probability-hero.png,png,4D odds and probability of winning the lottery explained with maths,67,The maths behind the four digits.,1200,630
08-4d-odds-probability,4d-odds-probability,4d-odds-probability-tier-chart.webp,webp,Chart showing 4D winning odds by prize tier from 1st prize to any prize,71,"Odds at each tier, drawn to scale.",1200,675
08-4d-odds-probability,4d-odds-probability,4d-odds-probability-tier-chart.png,png,Chart showing 4D winning odds by prize tier from 1st prize to any prize,71,"Odds at each tier, drawn to scale.",1200,675
08-4d-odds-probability,4d-odds-probability,4d-odds-probability-expected-return.webp,webp,Expected return table showing what a RM1 4D bet returns in the long run,71,"What RM1 is worth, mathematically.",1200,736
08-4d-odds-probability,4d-odds-probability,4d-odds-probability-expected-return.png,png,Expected return table showing what a RM1 4D bet returns in the long run,71,"What RM1 is worth, mathematically.",1200,736
08-4d-odds-probability,4d-odds-probability,4d-odds-probability-fixed-rules.webp,webp,Key probability rules that make 4D odds fixed on every draw,59,Why no system can beat the draw.,1200,682
08-4d-odds-probability,4d-odds-probability,4d-odds-probability-fixed-rules.png,png,Key probability rules that make 4D odds fixed on every draw,59,Why no system can beat the draw.,1200,682
08-4d-odds-probability,4d-odds-probability,4d-odds-probability-reality-check.webp,webp,Reality check card summarising 4D odds and responsible gambling facts,69,Read this before chasing a system.,1200,682
08-4d-odds-probability,4d-odds-probability,4d-odds-probability-reality-check.png,png,Reality check card summarising 4D odds and responsible gambling facts,69,Read this before chasing a system.,1200,682
09-most-frequent-4d-numbers,most-frequent-4d-numbers,most-frequent-4d-numbers-hero.webp,webp,Most frequent 4D winning numbers and frequency statistics from past draws,73,"Frequency data, and what it really proves.",1200,630
09-most-frequent-4d-numbers,most-frequent-4d-numbers,most-frequent-4d-numbers-hero.png,png,Most frequent 4D winning numbers and frequency statistics from past draws,73,"Frequency data, and what it really proves.",1200,630
09-most-frequent-4d-numbers,most-frequent-4d-numbers,most-frequent-4d-numbers-distribution.webp,webp,"Chart showing how many times each 4D number wins 1st prize over 1,000 draws",75,Most numbers never win at all.,1200,675
09-most-frequent-4d-numbers,most-frequent-4d-numbers,most-frequent-4d-numbers-distribution.png,png,"Chart showing how many times each 4D number wins 1st prize over 1,000 draws",75,Most numbers never win at all.,1200,675
09-most-frequent-4d-numbers,most-frequent-4d-numbers,most-frequent-4d-numbers-claims-table.webp,webp,Table comparing popular 4D number myths against the statistical reality,71,"Common claims, checked against the maths.",1200,814
09-most-frequent-4d-numbers,most-frequent-4d-numbers,most-frequent-4d-numbers-claims-table.png,png,Table comparing popular 4D number myths against the statistical reality,71,"Common claims, checked against the maths.",1200,814
09-most-frequent-4d-numbers,most-frequent-4d-numbers,most-frequent-4d-numbers-how-to-build.webp,webp,Steps to build your own 4D number frequency analysis from official results,74,Build a frequency list the honest way.,1200,690
09-most-frequent-4d-numbers,most-frequent-4d-numbers,most-frequent-4d-numbers-how-to-build.png,png,Steps to build your own 4D number frequency analysis from official results,74,Build a frequency list the honest way.,1200,690
09-most-frequent-4d-numbers,most-frequent-4d-numbers,most-frequent-4d-numbers-disclaimer.webp,webp,Disclaimer card explaining limits of 4D number statistics and responsible play,78,"The fine print, in plain English.",1200,682
09-most-frequent-4d-numbers,most-frequent-4d-numbers,most-frequent-4d-numbers-disclaimer.png,png,Disclaimer card explaining limits of 4D number statistics and responsible play,78,"The fine print, in plain English.",1200,682
10-is-4d-legal-malaysia,is-4d-legal-malaysia,is-4d-legal-malaysia-hero.webp,webp,Whether 4D lottery betting is legal in Malaysia including licences and online play,82,"Legal, illegal, and the grey in between.",1200,630
10-is-4d-legal-malaysia,is-4d-legal-malaysia,is-4d-legal-malaysia-hero.png,png,Whether 4D lottery betting is legal in Malaysia including licences and online play,82,"Legal, illegal, and the grey in between.",1200,630
10-is-4d-legal-malaysia,is-4d-legal-malaysia,is-4d-legal-malaysia-legal-vs-illegal.webp,webp,Comparison of legal licensed 4D play and illegal unlicensed betting in Malaysia,79,"Licensed play on the left, illegal activity on the right.",1200,694
10-is-4d-legal-malaysia,is-4d-legal-malaysia,is-4d-legal-malaysia-legal-vs-illegal.png,png,Comparison of legal licensed 4D play and illegal unlicensed betting in Malaysia,79,"Licensed play on the left, illegal activity on the right.",1200,694
10-is-4d-legal-malaysia,is-4d-legal-malaysia,is-4d-legal-malaysia-how-licensed-works.webp,webp,Flow showing how licensed 4D operators are regulated and publish results in Malaysia,84,From licence to published result.,1200,675
10-is-4d-legal-malaysia,is-4d-legal-malaysia,is-4d-legal-malaysia-how-licensed-works.png,png,Flow showing how licensed 4D operators are regulated and publish results in Malaysia,84,From licence to published result.,1200,675
10-is-4d-legal-malaysia,is-4d-legal-malaysia,is-4d-legal-malaysia-activities-table.webp,webp,Table showing the legal status of different 4D related activities in Malaysia,77,What is allowed and what is not.,1200,821
10-is-4d-legal-malaysia,is-4d-legal-malaysia,is-4d-legal-malaysia-activities-table.png,png,Table showing the legal status of different 4D related activities in Malaysia,77,What is allowed and what is not.,1200,821
10-is-4d-legal-malaysia,is-4d-legal-malaysia,is-4d-legal-malaysia-safety-checklist.webp,webp,Safety checklist for staying legal when checking and playing 4D in Malaysia,75,Stay on the right side of the line.,1200,730
10-is-4d-legal-malaysia,is-4d-legal-malaysia,is-4d-legal-malaysia-safety-checklist.png,png,Safety checklist for staying legal when checking and playing 4D in Malaysia,75,Stay on the right side of the line.,1200,730
