priority,folder,slug,h1_title,meta_description,meta_desc_chars,focus_keyword,secondary_keywords,bm_title_variant,bm_meta_variant,images,internal_links_from,publish_slot
1,01-4d-result-today,4d-result-today,"4D Result Today: Live Magnum, Sports Toto & Da Ma Cai Results","Check today's 4D result for Magnum, Sports Toto and Da Ma Cai. Live winning numbers, draw times, board reading guide and claim checklist. Updated every draw.",158,4d result today,"keputusan 4D hari ini; 4D results today Malaysia; nombor 4D hari ini; result 4D live","Keputusan 4D Hari Ini: Magnum, Sports Toto & Da Ma Cai","Semak keputusan 4D hari ini untuk Magnum, Sports Toto dan Da Ma Cai. Nombor pemenang, waktu cabutan dan senarai semakan. Dikemas kini setiap cabutan.",5,3,MON - Results hub (pin above article)
2,05-4d-draw-schedule,4d-draw-schedule,"4D Draw Schedule Malaysia: Days, Times & Special Draws","Malaysia 4D draw schedule: Magnum, Sports Toto and Da Ma Cai draw Wednesday, Saturday and Sunday at 7pm MYT. Full weekly grid, result times and special draws.",159,4d draw schedule,"4D draw days Malaysia; 4D draw time 7pm; bila cabutan 4D; special draw 4D","Jadual Cabutan 4D Malaysia: Hari, Waktu & Cabutan Istimewa","Jadual cabutan 4D Malaysia: Magnum, Sports Toto dan Da Ma Cai cabut Rabu, Sabtu dan Ahad jam 7 malam. Jadual penuh dan cabutan istimewa.",5,2,TUE - supports hub
3,03-4d-prize-structure,4d-prize-structure,"4D Prize Structure Malaysia: Big vs Small Payouts Explained","Full 4D prize structure for Magnum, Sports Toto and Da Ma Cai: Big vs Small payouts per RM1, worked RM10 examples and how your winnings are calculated.",151,4d prize structure,"4D prize Malaysia; Big Small 4D payout; hadiah 4D; 4D payout table","Struktur Hadiah 4D Malaysia: Penukaran Besar vs Kecil","Struktur hadiah 4D penuh untuk Magnum, Sports Toto dan Da Ma Cai: bayaran Besar vs Kecil bagi RM1, contoh RM10 dan cara kiraan kemenangan.",5,3,WED - high commercial intent
4,04-how-to-check-4d-result-online,how-to-check-4d-result-online,"How to Check 4D Results Online: 5 Fast, Safe Methods","Learn how to check 4D results online in minutes: official sites, apps, aggregators and alerts, plus six red flags that mark an unsafe result site.",150,how to check 4d result online,"check 4D result online Malaysia; 4D result website; 4D result app; semak keputusan 4D","Cara Semak Keputusan 4D Dalam Talian: 5 Kaedah Pantas","Cara semak keputusan 4D dalam talian dalam beberapa minit: laman rasmi, aplikasi, agregator dan enam tanda laman tidak selamat.",5,3,THU - tutorial intent
5,08-4d-odds-probability,4d-odds-probability,"4D Odds Explained: The Real Probability of Winning","The maths behind 4D: 10,000 combinations, odds of 1 in 10,000 for 1st prize, and the real expected return of RM0.64 per RM1 bet. No systems, just numbers.",154,4d odds,"4D probability Malaysia; chances of winning 4D; house edge 4D; probability of winning lottery 4D","Kebarangkalian 4D: Peluang Sebenar Menang","Matematik 4D: 10,000 kombinasi, peluang 1 dalam 10,000 untuk hadiah pertama dan pulangan sebenar RM0.64 bagi setiap RM1.",5,4,FRI - snippet candidate
6,06-types-of-4d-bets,types-of-4d-bets,"Types of 4D Bets Explained: Fixed, Perm, iBet & More","Compare 4D bet types: single, permutation 24/12/6/4 and iBet. Costs, combination counts, official payout grids and how to pick the right entry.",146,types of 4d bets,"4D permutation bet; iBet 4D Malaysia; 4D fixed bet payout; jenis pertaruhan 4D","Jenis Taruhan 4D: Tetap, Permutasi, iBet & Lain-lain","Bandingkan jenis taruhan 4D: tetap, permutasi 24/12/6/4 dan iBet. Kos, bilangan kombinasi dan jadual bayaran rasmi.",5,2,SAT - commercial intent
7,07-4d-winnings-tax-malaysia,4d-winnings-tax-malaysia,"Are 4D Winnings Taxable in Malaysia? Straight Answers","Are 4D lottery winnings taxed in Malaysia? How casual wins, big wins and trade-like betting are treated, plus records to keep and claim documents.",146,4d winnings tax malaysia,"lottery winnings tax Malaysia; LHDN gambling winnings; cukai hadiah 4D; is lottery prize taxable Malaysia","Adakah Kemenangan 4D Dikenakan Cukai di Malaysia?","Adakah kemenangan loteri 4D dikenakan cukai di Malaysia? Layanan untuk kemenangan kecil, besar dan aktiviti seperti perniagaan serta rekod yang perlu disimpan.",5,2,SUN - YMYL, needs source citations
8,02-4d-results-history,4d-results-history,"4D Results History: How to Look Up Past Winning Numbers","Search past 4D results by date and operator. Free history archive for Magnum, Sports Toto and Da Ma Cai winning numbers, plus how to use the data honestly.",151,4d results history,"4D history results Malaysia; past 4D winning numbers; keputusan 4D lampau; 4D result archive","Sejarah Keputusan 4D: Cara Cari Nombor Lama","Cari keputusan 4D lampau mengikut tarikh dan pengendali. Arkib percuma Magnum, Sports Toto dan Da Ma Cai serta cara guna data dengan jujur.",5,3,MON wk2 - supports archive pages
9,09-most-frequent-4d-numbers,most-frequent-4d-numbers,"Most Frequent 4D Numbers: What the Data Actually Shows","4D frequency statistics explained: how often each number really wins, why most numbers never hit, and what hot and cold lists cannot predict.",146,most frequent 4d numbers,"4D number frequency; hot and cold 4D numbers; 4D statistics Malaysia; nombor kerap 4D","Nombor 4D Paling Kerap: Apa Yang Data Tunjukkan","Statistik kekerapan 4D: berapa kerap setiap nombor menang, mengapa kebanyakan nombor tidak pernah menang, dan apa yang senarai panas/sejuk tidak boleh ramal.",5,3,TUE wk2 - linkbait asset
10,10-is-4d-legal-malaysia,is-4d-legal-malaysia,"Is 4D Legal in Malaysia? Licences, Online Play & the Law","Is 4D betting legal in Malaysia? What licensed operators, online play, unlicensed bookies and result sites mean under the law, plus a safety checklist.",151,is 4d legal in malaysia,"is online 4D legal Malaysia; licensed 4D operators Malaysia; illegal bookies Malaysia; Common Gaming Houses Act 4D","Adakah 4D Sah di Malaysia? Lesen, Dalam Talian & Undang-undang","Adakah taruhan 4D sah di Malaysia? Maksud pengendali berlesen, permainan dalam talian dan bookie tidak berlesen di sisi undang-undang serta senarai keselamatan.",5,2,WED wk2 - YMYL, trust signal
